,MLP_time,MLP_primal_obj,MLP_dual_obj,MLP_rel_gap,MLP_n_cols,pricer_IP_time,pricer_IP_obj
1,0.01628899574279785,1271.0000000179316,0.0,100.0,10.0,,
2,0.15070605278015137,1160.000000008435,0.0,100.0,12.0,,
3,0.2762119770050049,1070.0000282656388,0.0,100.0,14.0,,
4,0.39144206047058105,1066.0000015144606,0.0,100.0,16.0,,
5,0.508228063583374,1054.5000202269453,0.0,100.0,18.0,,
6,0.6362960338592529,1009.0000209757338,0.0,100.0,20.0,,
7,0.7892160415649414,1002.0000244507255,0.0,100.0,22.0,,
8,0.9532721042633057,996.7500036163106,0.0,100.0,24.0,,
9,1.1745529174804688,984.0000213223993,0.0,100.0,26.0,,
10,8.304413080215454,961.600027326745,0.0,100.0,28.0,,
11,8.582901000976562,948.7000014648078,0.0,100.0,30.0,,
12,8.734677076339722,938.1666666944202,0.0,100.0,32.0,,
13,8.871910095214844,925.235294159501,0.0,100.0,34.0,,
14,9.00792908668518,914.2950819951341,0.0,100.0,36.0,,
15,9.145018100738525,905.3854748556438,0.0,100.0,38.0,,
16,9.283185005187988,895.1524695777966,0.0,100.0,40.0,,
17,9.435040950775146,885.708347427431,0.0,100.0,42.0,,
18,9.576900959014893,877.8726807345028,0.0,100.0,44.0,,
19,9.72884202003479,868.889050386586,0.0,100.0,46.0,,
20,9.872806072235107,856.1156574421434,0.0,100.0,48.0,,
21,10.032210111618042,850.369876405217,0.0,100.0,50.0,,
22,10.185205936431885,845.2168875305103,0.0,100.0,52.0,,
23,10.337270975112915,840.4595842262639,0.0,100.0,54.0,,
24,10.496615886688232,834.2292687283465,0.0,100.0,56.0,,
25,10.65804409980774,827.3663908900296,0.0,100.0,58.0,,
26,10.819576025009155,819.8581685210512,0.0,100.0,60.0,,
27,10.98697805404663,815.308715086952,0.0,100.0,62.0,,
28,11.148803949356079,809.6228419786436,0.0,100.0,64.0,,
29,11.310686111450195,803.6439874646338,0.0,100.0,66.0,,
30,11.475307941436768,799.8664876504768,0.0,100.0,68.0,,
31,11.64467191696167,795.4785802308054,0.0,100.0,70.0,,
32,11.82393503189087,792.3501586515313,0.0,100.0,72.0,,
33,11.998640060424805,789.1075490497991,0.0,100.0,74.0,,
34,12.182260990142822,784.0164718288509,0.0,100.0,76.0,,
35,12.386210918426514,780.7750238910412,0.0,100.0,78.0,,
36,12.572375059127808,777.9235847070803,0.0,100.0,80.0,,
37,12.749197959899902,774.5773812930526,0.0,100.0,82.0,,
38,12.93234896659851,771.906734117185,0.0,100.0,84.0,,
39,13.11521291732788,769.0396324607082,0.0,100.0,86.0,,
40,13.294075012207031,765.5442295596949,0.0,100.0,88.0,,
41,13.468219995498657,763.6649345966907,0.0,100.0,90.0,,
42,13.656439065933228,760.6838914496838,0.0,100.0,92.0,,
43,13.849071979522705,758.2566487643264,0.0,100.0,94.0,,
44,14.024389028549194,756.2900835241959,0.0,100.0,96.0,,
45,14.193501949310303,755.0667971528229,0.0,100.0,98.0,,
46,14.36759901046753,752.7372423805101,0.0,100.0,100.0,,
47,14.543351888656616,750.5684261645109,0.0,100.0,102.0,,
48,14.72497296333313,748.8880776122738,0.0,100.0,104.0,,
49,14.900377988815308,747.3366599847633,0.0,100.0,106.0,,
50,15.082401990890503,744.9885325871188,0.0,100.0,108.0,,
51,15.262166023254395,743.19509618996,0.0,100.0,110.0,,
52,15.450155019760132,741.9032885287423,0.0,100.0,112.0,,
53,15.649535894393921,740.3145851814168,0.0,100.0,114.0,,
54,15.844986915588379,738.8096628477639,0.0,100.0,116.0,,
55,16.040234088897705,736.8199143249042,0.0,100.0,118.0,,
56,16.231271028518677,735.4989382268063,0.0,100.0,120.0,,
57,16.429250955581665,734.0509164138075,0.0,100.0,122.0,,
58,16.62506604194641,731.952867889831,0.0,100.0,124.0,,
59,16.81650996208191,730.4808874846599,0.0,100.0,126.0,,
60,17.004204988479614,728.8200418882739,0.0,100.0,128.0,,
61,17.188395977020264,727.381529907267,0.0,100.0,130.0,,
62,17.379751920700073,725.8622778400361,0.0,100.0,132.0,,
63,17.596461057662964,724.2191838165841,0.0,100.0,134.0,,
64,17.79936909675598,722.8319545170679,0.0,100.0,136.0,,
65,17.996121883392334,721.2715235577904,0.0,100.0,138.0,,
66,18.19624090194702,719.8379801712971,0.0,100.0,140.0,,
67,18.392523050308228,718.1028610148334,0.0,100.0,142.0,,
68,18.59086799621582,716.8375037271975,0.0,100.0,144.0,,
69,18.793617010116577,715.6447199594111,0.0,100.0,146.0,,
70,18.999521017074585,714.2424231178044,0.0,100.0,148.0,,
71,19.20000696182251,712.9941617877737,0.0,100.0,150.0,,
72,19.406529903411865,711.8938222122503,0.0,100.0,152.0,,
73,19.610255002975464,711.1270576747673,0.0,100.0,154.0,,
74,19.81250500679016,710.0019062133396,0.0,100.0,156.0,,
75,20.020512104034424,709.0809623134655,0.0,100.0,158.0,,
76,20.23716902732849,708.1045748919557,0.0,100.0,160.0,,
77,20.44771099090576,707.119720276163,0.0,100.0,162.0,,
78,20.664707899093628,706.4167414836168,0.0,100.0,164.0,,
79,20.887299060821533,705.9064891028149,0.0,100.0,166.0,,
80,21.094326972961426,705.3236052596925,0.0,100.0,168.0,,
81,21.296260118484497,704.8296772681189,0.0,100.0,170.0,,
82,21.51093292236328,703.9094706061776,0.0,100.0,172.0,,
83,21.722026109695435,702.974361304606,0.0,100.0,174.0,,
84,21.93551802635193,702.0075219465213,0.0,100.0,176.0,,
85,22.15391206741333,701.1702904877084,0.0,100.0,178.0,,
86,22.364010095596313,700.336744866991,0.0,100.0,180.0,,
87,22.581464052200317,699.7431679751847,0.0,100.0,182.0,,
88,22.799803018569946,699.1973844489542,0.0,100.0,184.0,,
89,23.011451959609985,698.2269419305919,0.0,100.0,186.0,,
90,23.22899889945984,696.9049449998888,0.0,100.0,188.0,,
91,23.44656991958618,695.9301170705719,0.0,100.0,190.0,,
92,23.6598219871521,694.7153758074021,0.0,100.0,192.0,,
93,23.882378101348877,693.6213554733421,0.0,100.0,194.0,,
94,24.11420488357544,692.6820776124284,0.0,100.0,196.0,,
95,24.338912963867188,692.1537175376011,0.0,100.0,198.0,,
96,24.578094959259033,691.7024416733282,0.0,100.0,200.0,,
97,24.80436611175537,691.055295941834,0.0,100.0,202.0,,
98,25.02496600151062,690.2917177413971,0.0,100.0,204.0,,
99,25.243277072906494,689.8009522622805,0.0,100.0,206.0,,
100,25.772681951522827,688.8198262091981,0.0,100.0,208.0,,
101,25.999706029891968,688.0381432716654,0.0,100.0,210.0,,
102,26.227922916412354,687.1826954991539,0.0,100.0,212.0,,
103,26.46266794204712,686.612055669236,0.0,100.0,214.0,,
104,26.70023798942566,686.1171891416781,0.0,100.0,216.0,,
105,26.929760932922363,685.688546910951,0.0,100.0,218.0,,
106,27.156650066375732,684.964839469403,0.0,100.0,220.0,,
107,27.384012937545776,684.4307784464503,0.0,100.0,222.0,,
108,27.610980987548828,683.822999773518,0.0,100.0,224.0,,
109,27.84323811531067,683.1494640575787,0.0,100.0,226.0,,
110,28.071850061416626,682.6302389803293,0.0,100.0,228.0,,
111,28.304286003112793,682.0386099016958,0.0,100.0,230.0,,
112,28.55270791053772,681.7519036877309,0.0,100.0,232.0,,
113,28.78587794303894,681.3166551340953,0.0,100.0,234.0,,
114,29.010481119155884,680.709921425924,0.0,100.0,236.0,,
115,29.23390507698059,680.3289164713041,0.0,100.0,238.0,,
116,29.476633071899414,680.0451844495961,0.0,100.0,240.0,,
117,29.700325965881348,679.6946211853448,0.0,100.0,242.0,,
118,29.94204592704773,679.175257105963,0.0,100.0,244.0,,
119,30.181199073791504,678.7433599383899,0.0,100.0,246.0,,
120,30.436184883117676,678.3744323219752,0.0,100.0,248.0,,
121,30.676624059677124,678.0350604393659,0.0,100.0,250.0,,
122,30.918495893478394,677.7860304909041,0.0,100.0,252.0,,
123,31.152255058288574,677.3673586598113,0.0,100.0,254.0,,
124,31.401866912841797,676.9629295851244,0.0,100.0,256.0,,
125,31.64844298362732,676.5515639573039,0.0,100.0,258.0,,
126,31.88176202774048,676.1531398479528,0.0,100.0,260.0,,
127,32.13212704658508,675.808127352855,0.0,100.0,262.0,,
128,32.369641065597534,675.4710947141847,0.0,100.0,264.0,,
129,32.61225700378418,675.0403389078458,0.0,100.0,266.0,,
130,32.85539102554321,674.7270947938061,0.0,100.0,268.0,,
131,33.1115620136261,674.464401816383,0.0,100.0,270.0,,
132,33.89877510070801,674.1673743308633,0.0,100.0,272.0,,
133,34.14086890220642,673.8609743450877,0.0,100.0,274.0,,
134,34.39464592933655,673.6078111350616,0.0,100.0,276.0,,
135,34.64049410820007,673.3394145628542,0.0,100.0,278.0,,
136,34.8824028968811,673.0660098769416,0.0,100.0,280.0,,
137,35.13786005973816,672.7283248356864,0.0,100.0,282.0,,
138,35.379313945770264,672.4144857658168,0.0,100.0,284.0,,
139,35.63782501220703,672.1246949427783,0.0,100.0,286.0,,
140,35.88336896896362,671.8510920369629,0.0,100.0,288.0,,
141,36.13773202896118,671.5611510932864,0.0,100.0,290.0,,
142,36.37208604812622,671.1782404257149,0.0,100.0,292.0,,
143,36.61566209793091,670.9292571065006,0.0,100.0,294.0,,
144,36.87382411956787,670.6328222237613,0.0,100.0,296.0,,
145,37.39834809303284,670.426417054266,0.0,100.0,298.0,,
146,37.64152503013611,670.1701228882247,0.0,100.0,300.0,,
147,37.88893389701843,669.9406260609253,0.0,100.0,302.0,,
148,38.137561082839966,669.6898490536128,0.0,100.0,304.0,,
149,38.384851932525635,669.3188412759209,0.0,100.0,306.0,,
150,38.626611948013306,669.0740630212049,0.0,100.0,308.0,,
151,38.87976908683777,668.8889035425707,0.0,100.0,310.0,,
152,39.12564992904663,668.6529654892137,0.0,100.0,312.0,,
153,39.39115595817566,668.4490498034179,0.0,100.0,314.0,,
154,39.64936304092407,668.2749598211115,0.0,100.0,316.0,,
155,39.90583610534668,667.975680771292,0.0,100.0,318.0,,
156,40.171103954315186,667.6509451553634,0.0,100.0,320.0,,
157,40.426259994506836,667.3994725971409,0.0,100.0,322.0,,
158,40.69729995727539,667.110147353021,0.0,100.0,324.0,,
159,40.95564794540405,666.8704905382597,0.0,100.0,326.0,,
160,41.22983002662659,666.6791930917856,0.0,100.0,328.0,,
161,41.488255977630615,666.5080677793978,0.0,100.0,330.0,,
162,41.75234389305115,666.3983333403735,0.0,100.0,332.0,,
163,42.03909111022949,666.2021351229056,0.0,100.0,334.0,,
164,42.321253061294556,665.9723116415527,0.0,100.0,336.0,,
165,42.630446910858154,665.8433885153441,0.0,100.0,338.0,,
166,42.95327401161194,665.6706746435088,0.0,100.0,340.0,,
167,43.27446699142456,665.501023825819,0.0,100.0,342.0,,
168,43.587414026260376,665.3185306270861,0.0,100.0,344.0,,
169,43.92835593223572,665.1624229709415,0.0,100.0,346.0,,
170,44.21056509017944,665.018347674637,0.0,100.0,348.0,,
171,44.490556955337524,664.8047640300833,0.0,100.0,350.0,,
172,44.761451959609985,664.6065808880601,0.0,100.0,352.0,,
173,45.02608394622803,664.4418372867517,0.0,100.0,354.0,,
174,45.30097508430481,664.2645040301924,0.0,100.0,356.0,,
175,45.598134994506836,664.0804061974222,0.0,100.0,358.0,,
176,45.886324882507324,663.8586907393609,0.0,100.0,360.0,,
177,46.16714000701904,663.6852911446513,0.0,100.0,362.0,,
178,46.44452095031738,663.4939220686217,0.0,100.0,364.0,,
179,46.7335410118103,663.3536641692098,0.0,100.0,366.0,,
180,47.020649909973145,663.16653704525,0.0,100.0,368.0,,
181,47.3171329498291,663.0231865624435,0.0,100.0,370.0,,
182,47.60213804244995,662.8262960850133,0.0,100.0,372.0,,
183,47.91595411300659,662.6421989171217,0.0,100.0,374.0,,
184,48.20672798156738,662.3699814522674,0.0,100.0,376.0,,
185,50.113749980926514,662.1736170413229,0.0,100.0,378.0,,
186,50.406588077545166,662.0074283272295,0.0,100.0,380.0,,
187,55.62319993972778,661.813082148174,0.0,100.0,382.0,,
188,55.90689492225647,661.6280390187186,0.0,100.0,384.0,,
189,56.208287954330444,661.4770670735221,0.0,100.0,386.0,,
190,56.495845079422,661.2599586629918,0.0,100.0,388.0,,
191,56.78954100608826,661.0664522170077,0.0,100.0,390.0,,
192,57.07916307449341,660.979032493359,0.0,100.0,392.0,,
193,57.37096309661865,660.8523000310896,0.0,100.0,394.0,,
194,57.667109966278076,660.6889737339615,0.0,100.0,396.0,,
195,57.953572034835815,660.5652860145756,0.0,100.0,398.0,,
196,58.676934003829956,660.4232642665811,0.0,100.0,400.0,,
197,59.10873293876648,660.1938239893627,0.0,100.0,402.0,,
198,59.41387605667114,659.9571519128851,0.0,100.0,404.0,,
199,59.695409059524536,659.7658730962256,0.0,100.0,406.0,,
200,59.979888916015625,659.5916290473181,0.0,100.0,408.0,,
201,60.27628803253174,659.4319432575309,0.0,100.0,410.0,,
202,60.56208801269531,659.2495162716613,0.0,100.0,412.0,,
203,60.846028089523315,659.0792908807582,0.0,100.0,414.0,,
204,61.15228199958801,658.9197759169576,0.0,100.0,416.0,,
205,61.45149302482605,658.6969321120558,0.0,100.0,418.0,,
206,61.74241805076599,658.5501852322184,0.0,100.0,420.0,,
207,62.07997703552246,658.3899931663129,0.0,100.0,422.0,,
208,62.372411012649536,658.2257629325962,0.0,100.0,424.0,,
209,62.67654490470886,658.0981356636466,0.0,100.0,426.0,,
210,62.96585488319397,657.8970414035103,0.0,100.0,428.0,,
211,63.28350210189819,657.7723328925971,0.0,100.0,430.0,,
212,63.59577393531799,657.5857865709743,0.0,100.0,432.0,,
213,63.91725707054138,657.4760115048728,0.0,100.0,434.0,,
214,64.23744702339172,657.3428539832998,0.0,100.0,436.0,,
215,64.53807806968689,657.2255699650851,0.0,100.0,438.0,,
216,64.86168193817139,657.1151640803929,0.0,100.0,440.0,,
217,65.16044592857361,656.9498964989206,0.0,100.0,442.0,,
218,65.5633180141449,656.8235911814126,0.0,100.0,444.0,,
219,65.88752889633179,656.607630208048,0.0,100.0,446.0,,
220,66.21233892440796,656.3538912356066,0.0,100.0,448.0,,
221,66.50767493247986,656.2412378898088,0.0,100.0,450.0,,
222,66.83086800575256,656.1419346543972,0.0,100.0,452.0,,
223,67.18120908737183,656.0374565284219,0.0,100.0,454.0,,
224,67.49850988388062,655.9362460010988,0.0,100.0,456.0,,
225,67.80215001106262,655.8457796995538,0.0,100.0,458.0,,
226,68.11399602890015,655.7157554292381,0.0,100.0,460.0,,
227,68.44303393363953,655.6038497373345,0.0,100.0,462.0,,
228,68.77707600593567,655.5172886243089,0.0,100.0,464.0,,
229,69.10021090507507,655.3974013183414,0.0,100.0,466.0,,
230,69.42674493789673,655.2791745749172,0.0,100.0,468.0,,
231,70.13709497451782,655.1781309022404,0.0,100.0,470.0,,
232,70.44841599464417,655.0517956571119,0.0,100.0,472.0,,
233,71.6863100528717,654.9187912569711,0.0,100.0,474.0,,
234,73.61355209350586,654.7215354941046,0.0,100.0,476.0,,
235,73.95598793029785,654.6122673263803,0.0,100.0,478.0,,
236,74.28595399856567,654.5202851614383,0.0,100.0,480.0,,
237,74.60102605819702,654.3653457036164,0.0,100.0,482.0,,
238,74.93062996864319,654.208061052116,0.0,100.0,484.0,,
239,75.25620007514954,654.0081424208494,0.0,100.0,486.0,,
240,75.61786007881165,653.9462425905425,0.0,100.0,488.0,,
241,75.95594310760498,653.8023178800145,0.0,100.0,490.0,,
242,76.28501296043396,653.6921605160971,0.0,100.0,492.0,,
243,76.78647589683533,653.5813055959765,0.0,100.0,494.0,,
244,77.2504301071167,653.4169222409855,0.0,100.0,496.0,,
245,77.58676791191101,653.2266454672277,0.0,100.0,498.0,,
246,77.9430410861969,653.106648069059,0.0,100.0,500.0,,
247,78.29666590690613,653.031345535157,0.0,100.0,502.0,,
248,78.65824604034424,652.9224354434056,0.0,100.0,504.0,,
249,79.02510094642639,652.8414620334269,0.0,100.0,506.0,,
250,79.3822250366211,652.7329186069823,0.0,100.0,508.0,,
251,79.73774790763855,652.6197334240208,0.0,100.0,510.0,,
252,80.10834789276123,652.476067300154,0.0,100.0,512.0,,
253,80.4892098903656,652.3282828528481,0.0,100.0,514.0,,
254,80.89881300926208,652.2041332868831,0.0,100.0,516.0,,
255,81.2613320350647,652.0908130542072,0.0,100.0,518.0,,
256,81.62494993209839,651.9801400487822,0.0,100.0,520.0,,
257,81.99682307243347,651.9040617485816,0.0,100.0,522.0,,
258,82.35789394378662,651.8532970680845,0.0,100.0,524.0,,
259,82.73064088821411,651.7853215888088,0.0,100.0,526.0,,
260,83.09233498573303,651.6898731573774,0.0,100.0,528.0,,
261,83.45780897140503,651.5755122776623,0.0,100.0,530.0,,
262,83.82476902008057,651.5064867903166,0.0,100.0,532.0,,
263,84.20232391357422,651.4169559071096,0.0,100.0,534.0,,
264,84.56624507904053,651.3480179691758,0.0,100.0,536.0,,
265,84.91982293128967,651.2878741640541,0.0,100.0,538.0,,
266,86.23603010177612,651.1999593116836,0.0,100.0,540.0,,
267,86.62614488601685,651.118411488718,0.0,100.0,542.0,,
268,87.00521898269653,651.0493991162891,0.0,100.0,544.0,,
269,87.38884210586548,650.9656794037385,0.0,100.0,546.0,,
270,87.77214908599854,650.8670269999319,0.0,100.0,548.0,,
271,88.17092299461365,650.8056149201674,0.0,100.0,550.0,,
272,88.5501720905304,650.7224244364569,0.0,100.0,552.0,,
273,88.92991399765015,650.62343392379,0.0,100.0,554.0,,
274,89.3421618938446,650.5010176150896,0.0,100.0,556.0,,
275,89.7254810333252,650.4262144643448,0.0,100.0,558.0,,
276,90.12092900276184,650.3617545018542,0.0,100.0,560.0,,
277,90.52259588241577,650.2839888281858,0.0,100.0,562.0,,
278,90.91691589355469,650.1954628995371,0.0,100.0,564.0,,
279,91.29911208152771,650.1200879057702,0.0,100.0,566.0,,
280,91.69131898880005,650.0346638159505,0.0,100.0,568.0,,
281,97.950031042099,649.9522108242951,0.0,100.0,570.0,,
282,98.35279488563538,649.8758922102122,0.0,100.0,572.0,,
283,98.80423498153687,649.8304108874732,0.0,100.0,574.0,,
284,99.2949891090393,649.7512284386498,0.0,100.0,576.0,,
285,99.67999601364136,649.6811378402595,0.0,100.0,578.0,,
286,100.06523895263672,649.6223186936571,0.0,100.0,580.0,,
287,100.46394109725952,649.5364282326032,0.0,100.0,582.0,,
288,100.85149788856506,649.4885208594437,0.0,100.0,584.0,,
289,101.51037907600403,649.4372013192849,0.0,100.0,586.0,,
290,101.92244505882263,649.3205236326432,0.0,100.0,588.0,,
291,102.3142569065094,649.2835827617799,0.0,100.0,590.0,,
292,102.74257111549377,649.190337664143,0.0,100.0,592.0,,
293,103.15066003799438,649.1320390014642,0.0,100.0,594.0,,
294,103.55128788948059,649.0754681683904,0.0,100.0,596.0,,
295,103.96209001541138,649.0277417800253,0.0,100.0,598.0,,
296,104.36523103713989,648.9406388811962,0.0,100.0,600.0,,
297,104.77074193954468,648.8509034042265,0.0,100.0,602.0,,
298,105.18988609313965,648.7643521475989,0.0,100.0,604.0,,
299,107.1538450717926,648.7038495761473,0.0,100.0,606.0,,
300,107.57086205482483,648.6219151758929,0.0,100.0,608.0,26.166963815689087,-13.987511102872126
301,134.21891689300537,648.5903223583754,0.0,99.99999999998458,609.0,,
302,134.6234860420227,648.5305958292779,0.0,99.99999999998458,611.0,,
303,142.4791660308838,648.454071345515,0.0,99.99999999998458,613.0,,
304,142.98713207244873,648.3712617750894,0.0,99.99999999998458,615.0,,
305,143.39960598945618,648.2767791409636,0.0,99.99999999998458,617.0,,
306,143.80539798736572,648.226353570136,0.0,99.99999999998458,619.0,,
307,144.222482919693,648.138854044271,0.0,99.99999999998458,621.0,,
308,144.63097190856934,648.0543492338825,0.0,99.99999999998458,623.0,,
309,145.041522026062,648.0112094064301,0.0,99.99999999998458,625.0,,
310,145.44190788269043,647.9703487353249,0.0,99.99999999998458,627.0,,
311,149.54020810127258,647.9264539091242,0.0,99.99999999998458,629.0,,
312,151.23324704170227,647.85015623618,0.0,99.99999999998458,631.0,,
313,151.64907503128052,647.7964418199145,0.0,99.99999999998458,633.0,,
314,152.3929579257965,647.7554822247589,0.0,99.99999999998458,635.0,,
315,152.80211901664734,647.7089541886472,0.0,99.99999999998458,637.0,,
316,153.21637105941772,647.6703676579942,0.0,99.99999999998458,639.0,,
317,153.6399519443512,647.6066087449693,0.0,99.99999999998458,641.0,,
318,156.0499050617218,647.5433809388912,0.0,99.99999999998458,643.0,,
319,156.47600293159485,647.472302640818,0.0,99.99999999998458,645.0,,
320,156.8986759185791,647.424566430182,0.0,99.99999999998458,647.0,,
321,157.4196801185608,647.3172228241061,0.0,99.99999999998458,649.0,,
322,157.85727500915527,647.2508261432688,0.0,99.99999999998458,651.0,,
323,158.28465008735657,647.1635176580662,0.0,99.99999999998458,653.0,,
324,158.73269891738892,647.0981153841759,0.0,99.99999999998458,655.0,,
325,159.17321801185608,647.0176887092047,0.0,99.99999999998458,657.0,,
326,164.65468096733093,646.9514570262448,0.0,99.99999999998458,659.0,,
327,165.08584594726562,646.9094452813149,0.0,99.99999999998458,661.0,,
328,165.89025902748108,646.8612096304367,0.0,99.99999999998458,663.0,,
329,166.42406606674194,646.7575652503074,0.0,99.99999999998458,665.0,,
330,168.50944709777832,646.6885471418033,0.0,99.99999999998458,667.0,,
331,168.95201206207275,646.6296199484206,0.0,99.99999999998458,669.0,,
332,169.38417506217957,646.5612408802907,0.0,99.99999999998458,671.0,,
333,169.82361102104187,646.4619887785949,0.0,99.99999999998458,673.0,,
334,170.25490808486938,646.4168296983667,0.0,99.99999999998458,675.0,,
335,171.35189294815063,646.3665969867437,0.0,99.99999999998458,677.0,,
336,173.40655493736267,646.3183672987195,0.0,99.99999999998458,679.0,,
337,173.85278511047363,646.2478188155256,0.0,99.99999999998458,681.0,,
338,174.28912091255188,646.1909760883766,0.0,99.99999999998458,683.0,,
339,174.7346179485321,646.1263232433377,0.0,99.99999999998458,685.0,,
340,175.17264795303345,646.0705444171979,0.0,99.99999999998458,687.0,,
341,177.08196091651917,645.9795391734068,0.0,99.99999999998458,689.0,,
342,177.52736592292786,645.9197012558124,0.0,99.99999999998458,691.0,,
343,186.8200080394745,645.8505458868547,0.0,99.99999999998458,693.0,,
344,191.1541039943695,645.803585793225,0.0,99.99999999998458,695.0,,
345,192.06935691833496,645.7443685320108,0.0,99.99999999998458,697.0,,
346,194.374685049057,645.6544352676322,0.0,99.99999999998458,699.0,,
347,194.83828496932983,645.6059351644706,0.0,99.99999999998458,701.0,,
348,199.70669603347778,645.5575445550994,0.0,99.99999999998458,703.0,,
349,201.79648804664612,645.4951707456271,0.0,99.99999999998458,705.0,,
350,202.25702691078186,645.453036800872,0.0,99.99999999998458,707.0,27.307552099227905,-14.119374295890765
351,231.7716360092163,645.4088788777958,0.0,99.99999999998451,708.0,,
352,232.25831389427185,645.3554776472178,0.0,99.99999999998451,710.0,,
353,232.7345850467682,645.2992252063186,0.0,99.99999999998451,712.0,,
354,233.2201681137085,645.2528227047092,0.0,99.99999999998451,714.0,,
355,233.7031409740448,645.2182284811611,0.0,99.99999999998451,716.0,,
356,234.17721009254456,645.1328144115976,0.0,99.99999999998451,718.0,,
357,234.75149011611938,645.0731661095598,0.0,99.99999999998451,720.0,,
358,235.22166109085083,645.025564201927,0.0,99.99999999998451,722.0,,
359,235.71478700637817,644.9766607161386,0.0,99.99999999998451,724.0,,
360,236.32705211639404,644.9442462022071,0.0,99.99999999998451,726.0,,
361,237.9636070728302,644.8767065608049,0.0,99.99999999998451,728.0,,
362,238.7011480331421,644.8286438363654,0.0,99.99999999998451,730.0,,
363,239.18258094787598,644.7810497143965,0.0,99.99999999998451,732.0,,
364,239.66180992126465,644.7024598254228,0.0,99.99999999998451,734.0,,
365,240.14838194847107,644.638317498637,0.0,99.99999999998451,736.0,,
366,240.62600994110107,644.5790368573331,0.0,99.99999999998451,738.0,,
367,241.1062250137329,644.5176623513161,0.0,99.99999999998451,740.0,,
368,241.59758400917053,644.4347858194803,0.0,99.99999999998451,742.0,,
369,242.07202291488647,644.3601385447246,0.0,99.99999999998451,744.0,,
370,242.55894207954407,644.3088459029563,0.0,99.99999999998451,746.0,,
371,243.06652188301086,644.2673615646548,0.0,99.99999999998451,748.0,,
372,243.57917404174805,644.2334689056158,0.0,99.99999999998451,750.0,,
373,246.21988701820374,644.1665036048811,0.0,99.99999999998451,752.0,,
374,246.76084303855896,644.1244291675958,0.0,99.99999999998451,754.0,,
375,249.24660110473633,644.0716243064218,0.0,99.99999999998451,756.0,,
376,249.8005449771881,644.0168447156269,0.0,99.99999999998451,758.0,,
377,250.3468840122223,643.9418361041438,0.0,99.99999999998451,760.0,,
378,250.89513897895813,643.8976834222486,0.0,99.99999999998451,762.0,,
379,264.85750007629395,643.8559750492559,0.0,99.99999999998451,764.0,,
380,265.9386661052704,643.8042827655082,0.0,99.99999999998451,766.0,,
381,266.47921204566956,643.7517018475176,0.0,99.99999999998451,768.0,,
382,267.0269639492035,643.7100609624649,0.0,99.99999999998451,770.0,,
383,267.5690178871155,643.6696440796151,0.0,99.99999999998451,772.0,,
384,268.1102991104126,643.6196275445034,0.0,99.99999999998451,774.0,,
385,268.66214895248413,643.5892231700703,0.0,99.99999999998451,776.0,,
386,269.2033920288086,643.5074403797507,0.0,99.99999999998451,778.0,,
387,274.8347020149231,643.4444629571276,0.0,99.99999999998451,780.0,,
388,275.3846809864044,643.3872712633522,0.0,99.99999999998451,782.0,,
389,275.96189308166504,643.3116395102546,0.0,99.99999999998451,784.0,,
390,278.3994359970093,643.2691416548874,0.0,99.99999999998451,786.0,,
391,278.96220803260803,643.1724353058412,0.0,99.99999999998451,788.0,,
392,279.9096529483795,643.08735787318,0.0,99.99999999998451,790.0,,
393,280.45581793785095,643.0212466002338,0.0,99.99999999998451,792.0,,
394,281.10145592689514,642.9471605253364,0.0,99.99999999998451,794.0,,
395,281.6536240577698,642.8949954943525,0.0,99.99999999998451,796.0,,
396,282.2168869972229,642.8248350626436,0.0,99.99999999998451,798.0,,
397,282.77068305015564,642.75954583933,0.0,99.99999999998451,800.0,,
398,288.15751910209656,642.6793022590911,0.0,99.99999999998451,802.0,,
399,288.7219970226288,642.631081405368,0.0,99.99999999998451,804.0,,
400,291.2850000858307,642.5752334496176,0.0,99.99999999998451,806.0,27.486281871795654,-12.73094343748972
401,319.5270640850067,642.5392424246943,0.0,99.99999999998442,807.0,,
402,320.12504601478577,642.46270787679,0.0,99.99999999998442,809.0,,
403,321.3409740924835,642.4075407283765,0.0,99.99999999998442,811.0,,
404,321.92315793037415,642.3356757932032,0.0,99.99999999998442,813.0,,
405,323.82050800323486,642.2497876107661,0.0,99.99999999998442,815.0,,
406,324.39518189430237,642.2219925855692,0.0,99.99999999998442,817.0,,
407,335.933109998703,642.1287165852483,0.0,99.99999999998442,819.0,,
408,336.5310618877411,642.0872805851687,0.0,99.99999999998442,821.0,,
409,337.10624504089355,642.0206771284604,0.0,99.99999999998442,823.0,,
410,337.68125200271606,641.9799550154564,0.0,99.99999999998442,825.0,,
411,338.2662949562073,641.8999576702726,0.0,99.99999999998442,827.0,,
412,338.8516709804535,641.8601823606771,0.0,99.99999999998442,829.0,,
413,339.45617389678955,641.811822319207,0.0,99.99999999998442,831.0,,
414,340.0531120300293,641.7488605323123,0.0,99.99999999998442,833.0,,
415,340.6500029563904,641.7062109511412,0.0,99.99999999998442,835.0,,
416,341.2474410533905,641.6477074158481,0.0,99.99999999998442,837.0,,
417,346.10102009773254,641.5923146134676,0.0,99.99999999998442,839.0,,
418,346.69242095947266,641.5603369430739,0.0,99.99999999998442,841.0,,
419,347.28619408607483,641.5202209297969,0.0,99.99999999998442,843.0,,
420,347.8851869106293,641.4671651720246,0.0,99.99999999998442,845.0,,
421,349.63092708587646,641.3870884907687,0.0,99.99999999998442,847.0,,
422,350.23558807373047,641.3480354062905,0.0,99.99999999998442,849.0,,
423,351.0313329696655,641.3171759054497,0.0,99.99999999998442,851.0,,
424,355.28554797172546,641.2772335720226,0.0,99.99999999998442,853.0,,
425,355.8910629749298,641.23173443759,0.0,99.99999999998442,855.0,,
426,357.3698980808258,641.1988977277862,0.0,99.99999999998442,857.0,,
427,357.97812700271606,641.1621011649261,0.0,99.99999999998442,859.0,,
428,360.00084710121155,641.128420438535,0.0,99.99999999998442,861.0,,
429,361.3183391094208,641.0983090685618,0.0,99.99999999998442,863.0,,
430,362.18063402175903,641.0717331827673,0.0,99.99999999998442,865.0,,
431,362.8160500526428,641.0442302924164,0.0,99.99999999998442,867.0,,
432,363.46764492988586,641.0188104427746,0.0,99.99999999998442,869.0,,
433,364.07794189453125,640.9793908920276,0.0,99.99999999998442,871.0,,
434,366.4571170806885,640.9371449227208,0.0,99.99999999998442,873.0,,
435,367.1014380455017,640.9021537958965,0.0,99.99999999998442,875.0,,
436,367.71600794792175,640.8760675063169,0.0,99.99999999998442,877.0,,
437,368.33018589019775,640.8372487923176,0.0,99.99999999998442,879.0,,
438,368.9550609588623,640.796565206984,0.0,99.99999999998442,881.0,,
439,381.36211705207825,640.7510164482096,0.0,99.99999999998442,883.0,,
440,385.3147211074829,640.6966081849965,0.0,99.99999999998442,885.0,,
441,391.9101550579071,640.6698901976156,0.0,99.99999999998442,887.0,,
442,392.9396541118622,640.6392231219519,0.0,99.99999999998442,889.0,,
443,394.07451701164246,640.60107030119,0.0,99.99999999998442,891.0,,
444,394.7138650417328,640.5767465059217,0.0,99.99999999998442,893.0,,
445,395.33787989616394,640.5474513098567,0.0,99.99999999998442,895.0,,
446,395.9728820323944,640.4538958904049,0.0,99.99999999998442,897.0,,
447,396.60530495643616,640.376300618799,0.0,99.99999999998442,899.0,,
448,403.60268211364746,640.338750366752,0.0,99.99999999998442,901.0,,
449,404.2567958831787,640.2970799490058,0.0,99.99999999998442,903.0,,
450,404.8787500858307,640.1967057503048,0.0,99.99999999998442,905.0,25.48359513282776,-11.530021611142644
451,431.09667110443115,640.166194901757,0.0,99.99999999998437,906.0,,
452,431.7568259239197,640.084861637672,0.0,99.99999999998437,908.0,,
453,433.03656697273254,640.0325218813739,0.0,99.99999999998437,910.0,,
454,433.68827390670776,639.9801847730088,0.0,99.99999999998437,912.0,,
455,434.70751309394836,639.9276172043934,0.0,99.99999999998437,914.0,,
456,438.3238229751587,639.8940118685624,0.0,99.99999999998437,916.0,,
457,438.9753460884094,639.8443349965896,0.0,99.99999999998437,918.0,,
458,439.6282970905304,639.7833874927801,0.0,99.99999999998437,920.0,,
459,441.2930200099945,639.7499132651863,0.0,99.99999999998437,922.0,,
460,442.0071620941162,639.7253415009051,0.0,99.99999999998437,924.0,,
461,442.6674439907074,639.6764058284592,0.0,99.99999999998437,926.0,,
462,443.36555004119873,639.6184993792732,0.0,99.99999999998437,928.0,,
463,444.01136302948,639.5793316675828,0.0,99.99999999998437,930.0,,
464,444.6686339378357,639.5399349309538,0.0,99.99999999998437,932.0,,
465,445.4059329032898,639.5007060640413,0.0,99.99999999998437,934.0,,
466,448.44228196144104,639.4400673915733,0.0,99.99999999998437,936.0,,
467,449.23198890686035,639.3859332019451,0.0,99.99999999998437,938.0,,
468,450.8851799964905,639.3397417079395,0.0,99.99999999998437,940.0,,
469,452.58577394485474,639.2808408069623,0.0,99.99999999998437,942.0,,
470,453.27306604385376,639.2023289268529,0.0,99.99999999998437,944.0,,
471,453.94405603408813,639.1737132664595,0.0,99.99999999998437,946.0,,
472,454.605318069458,639.1316820734309,0.0,99.99999999998437,948.0,,
473,477.23093605041504,639.0565231303847,0.0,99.99999999998437,950.0,,
474,477.9165940284729,639.0173844143592,0.0,99.99999999998437,952.0,,
475,478.59368205070496,638.9758176270276,0.0,99.99999999998437,954.0,,
476,479.25900292396545,638.9080629828103,0.0,99.99999999998437,956.0,,
477,479.9497039318085,638.8629197089272,0.0,99.99999999998437,958.0,,
478,480.6349070072174,638.8058806153753,0.0,99.99999999998437,960.0,,
479,481.3123800754547,638.7707584625637,0.0,99.99999999998437,962.0,,
480,481.97970509529114,638.7128594929897,0.0,99.99999999998437,964.0,,
481,485.73568892478943,638.6864096148853,0.0,99.99999999998437,966.0,,
482,486.436970949173,638.623182562298,0.0,99.99999999998437,968.0,,
483,490.3221130371094,638.5765263661094,0.0,99.99999999998437,970.0,,
484,491.0044119358063,638.5234204560423,0.0,99.99999999998437,972.0,,
485,491.6723370552063,638.4899835723496,0.0,99.99999999998437,974.0,,
486,492.37718892097473,638.4418525889663,0.0,99.99999999998437,976.0,,
487,493.0794041156769,638.400208659101,0.0,99.99999999998437,978.0,,
488,493.77056789398193,638.3644609599116,0.0,99.99999999998437,980.0,,
489,494.47702407836914,638.3051631364449,0.0,99.99999999998437,982.0,,
490,495.1618549823761,638.2395924349356,0.0,99.99999999998437,984.0,,
491,499.88891100883484,638.1883698703406,0.0,99.99999999998437,986.0,,
492,501.2408139705658,638.1499037427636,0.0,99.99999999998437,988.0,,
493,502.42307901382446,638.0862732827427,0.0,99.99999999998437,990.0,,
494,503.3832149505615,638.0365637005181,0.0,99.99999999998437,992.0,,
495,504.0815670490265,637.9633444147465,0.0,99.99999999998437,994.0,,
496,507.4368329048157,637.9123992789919,0.0,99.99999999998437,996.0,,
497,508.78463196754456,637.846444068965,0.0,99.99999999998437,998.0,,
498,509.6509349346161,637.7732394109617,0.0,99.99999999998437,1000.0,,
499,515.6612548828125,637.7321768837749,0.0,99.99999999998437,1002.0,,
500,516.599986076355,637.6569535919687,0.0,99.99999999998437,1004.0,25.824894905090332,-11.37743980116904
501,543.2229828834534,637.6180998406276,0.0,99.99999999998431,1005.0,,
502,545.1306149959564,637.5518104966777,0.0,99.99999999998431,1007.0,,
503,545.8791229724884,637.5006986492051,0.0,99.99999999998431,1009.0,,
504,546.6227159500122,637.4481133366002,0.0,99.99999999998431,1011.0,,
505,547.3897480964661,637.4154610286914,0.0,99.99999999998431,1013.0,,
506,548.1593430042267,637.3636473624423,0.0,99.99999999998431,1015.0,,
507,550.4169840812683,637.3435023272103,0.0,99.99999999998431,1017.0,,
508,551.2482979297638,637.3093536436886,0.0,99.99999999998431,1019.0,,
509,552.0598249435425,637.2641071949392,0.0,99.99999999998431,1021.0,,
510,552.8261730670929,637.2148654764125,0.0,99.99999999998431,1023.0,,
511,553.5982179641724,637.1580297704747,0.0,99.99999999998431,1025.0,,
512,554.3678140640259,637.0869645272287,0.0,99.99999999998431,1027.0,,
513,555.1214139461517,637.0557490979637,0.0,99.99999999998431,1029.0,,
514,555.8901700973511,637.0281755612054,0.0,99.99999999998431,1031.0,,
515,563.7238550186157,636.989668662508,0.0,99.99999999998431,1033.0,,
516,564.4807200431824,636.9181957489152,0.0,99.99999999998431,1035.0,,
517,565.2390470504761,636.8770656883747,0.0,99.99999999998431,1037.0,,
518,565.9921760559082,636.8146061637185,0.0,99.99999999998431,1039.0,,
519,567.722855091095,636.7653971287535,0.0,99.99999999998431,1041.0,,
520,568.4862639904022,636.729427388569,0.0,99.99999999998431,1043.0,,
521,569.2699089050293,636.7023449406101,0.0,99.99999999998431,1045.0,,
522,570.0319290161133,636.6616437430969,0.0,99.99999999998431,1047.0,,
523,570.8506879806519,636.6296705520255,0.0,99.99999999998431,1049.0,,
524,571.6636800765991,636.5933361869733,0.0,99.99999999998431,1051.0,,
525,572.4101390838623,636.5335912447182,0.0,99.99999999998431,1053.0,,
526,573.1594929695129,636.5074866026822,0.0,99.99999999998431,1055.0,,
527,573.9226319789886,636.4822802505485,0.0,99.99999999998431,1057.0,,
528,574.6983330249786,636.4449556354755,0.0,99.99999999998431,1059.0,,
529,575.5958371162415,636.4190739259117,0.0,99.99999999998431,1061.0,,
530,578.335727930069,636.370550630975,0.0,99.99999999998431,1063.0,,
531,581.2404079437256,636.3140335539908,0.0,99.99999999998431,1065.0,,
532,582.0521268844604,636.2508286105437,0.0,99.99999999998431,1067.0,,
533,582.888454914093,636.2208968901714,0.0,99.99999999998431,1069.0,,
534,583.7068600654602,636.1880132375065,0.0,99.99999999998431,1071.0,,
535,584.4809069633484,636.1609993840689,0.0,99.99999999998431,1073.0,,
536,585.2359170913696,636.1230316196259,0.0,99.99999999998431,1075.0,,
537,585.9998390674591,636.0841034878734,0.0,99.99999999998431,1077.0,,
538,586.9588670730591,636.0506563751735,0.0,99.99999999998431,1079.0,,
539,587.7607269287109,636.0236617972328,0.0,99.99999999998431,1081.0,,
540,588.5683240890503,635.9996571052483,0.0,99.99999999998431,1083.0,,
541,599.6737389564514,635.9702445439833,0.0,99.99999999998431,1085.0,,
542,600.4557321071625,635.9236312245055,0.0,99.99999999998431,1087.0,,
543,601.2360270023346,635.891608944081,0.0,99.99999999998431,1089.0,,
544,608.4348969459534,635.8633055863468,0.0,99.99999999998431,1091.0,,
545,609.2440669536591,635.8128564513747,0.0,99.99999999998431,1093.0,,
546,616.6625759601593,635.7783810197564,0.0,99.99999999998431,1095.0,,
547,617.4609079360962,635.726431928857,0.0,99.99999999998431,1097.0,,
548,621.5657489299774,635.6698877900212,0.0,99.99999999998431,1099.0,,
549,628.8522789478302,635.5998219256297,0.0,99.99999999998431,1101.0,,
550,630.0016460418701,635.5623079262177,0.0,99.99999999998431,1103.0,26.237333059310913,-12.256519835040656
551,657.4683499336243,635.5297766159438,0.0,99.99999999998427,1104.0,,
552,658.25803399086,635.498827684901,0.0,99.99999999998427,1106.0,,
553,659.0875658988953,635.4387342640032,0.0,99.99999999998427,1108.0,,
554,659.9119529724121,635.381052317584,0.0,99.99999999998427,1110.0,,
555,660.735582113266,635.3440904932888,0.0,99.99999999998427,1112.0,,
556,665.2801508903503,635.2964487967762,0.0,99.99999999998427,1114.0,,
557,667.335037946701,635.261265908314,0.0,99.99999999998427,1116.0,,
558,670.9902310371399,635.2225318060586,0.0,99.99999999998427,1118.0,,
559,679.9292991161346,635.1830983150538,0.0,99.99999999998427,1120.0,,
560,681.2288520336151,635.1418764602133,0.0,99.99999999998427,1122.0,,
561,682.0726470947266,635.1062064091836,0.0,99.99999999998427,1124.0,,
562,685.403158903122,635.0684442204773,0.0,99.99999999998427,1126.0,,
563,691.5660569667816,635.0407979932926,0.0,99.99999999998427,1128.0,,
564,695.2373859882355,635.0237991538467,0.0,99.99999999998427,1130.0,,
565,712.9222300052643,634.9945208315937,0.0,99.99999999998427,1132.0,,
566,715.3346219062805,634.9546789102502,0.0,99.99999999998427,1134.0,,
567,716.1856670379639,634.9221204347459,0.0,99.99999999998427,1136.0,,
568,720.9818439483643,634.8889829427998,0.0,99.99999999998427,1138.0,,
569,728.8763248920441,634.8656952172123,0.0,99.99999999998427,1140.0,,
570,735.9157791137695,634.8448397580042,0.0,99.99999999998427,1142.0,,
571,738.2801170349121,634.8100698805164,0.0,99.99999999998427,1144.0,,
572,741.7882919311523,634.7728328739445,0.0,99.99999999998427,1146.0,,
573,744.0848948955536,634.7213842383674,0.0,99.99999999998427,1148.0,,
574,746.1549410820007,634.6859060447415,0.0,99.99999999998427,1150.0,,
575,746.9787359237671,634.6552222079958,0.0,99.99999999998427,1152.0,,
576,751.2678830623627,634.6263692561839,0.0,99.99999999998427,1154.0,,
577,757.0417170524597,634.578671808772,0.0,99.99999999998427,1156.0,,
578,761.674073934555,634.5548377887285,0.0,99.99999999998427,1158.0,,
579,765.9438600540161,634.5114794653674,0.0,99.99999999998427,1160.0,,
580,769.132472038269,634.4824348863277,0.0,99.99999999998427,1162.0,,
581,770.498044013977,634.4374615929725,0.0,99.99999999998427,1164.0,,
582,774.6335771083832,634.3964547862086,0.0,99.99999999998427,1166.0,,
583,791.393501996994,634.3610221503427,0.0,99.99999999998427,1168.0,,
584,795.4825389385223,634.3315027780737,0.0,99.99999999998427,1170.0,,
585,799.6748530864716,634.2924764201867,0.0,99.99999999998427,1172.0,,
586,805.1182980537415,634.2557234595814,0.0,99.99999999998427,1174.0,,
587,805.9633638858795,634.210683616331,0.0,99.99999999998427,1176.0,,
588,812.6770660877228,634.1843383375916,0.0,99.99999999998427,1178.0,,
589,813.6028690338135,634.1550246585163,0.0,99.99999999998427,1180.0,,
590,817.9118781089783,634.1185032107899,0.0,99.99999999998427,1182.0,,
591,824.5654098987579,634.0742384280387,0.0,99.99999999998427,1184.0,,
592,827.1448340415955,634.051443004347,0.0,99.99999999998427,1186.0,,
593,838.0517220497131,634.0140102608681,0.0,99.99999999998427,1188.0,,
594,839.4024829864502,633.9837520569149,0.0,99.99999999998427,1190.0,,
595,840.2877259254456,633.9284335887568,0.0,99.99999999998427,1192.0,,
596,842.0543510913849,633.8971919215624,0.0,99.99999999998427,1194.0,,
597,849.9373490810394,633.8624199881945,0.0,99.99999999998427,1196.0,,
598,853.7905011177063,633.8199183299533,0.0,99.99999999998427,1198.0,,
599,854.6675159931183,633.7913837468047,0.0,99.99999999998427,1200.0,,
600,855.5675339698792,633.7552849733402,0.0,99.99999999998427,1202.0,25.870434045791626,-11.244458958079726
601,882.4551041126251,633.7157447691945,0.0,99.99999999998421,1203.0,,
602,884.5805070400238,633.6867151995333,0.0,99.99999999998421,1205.0,,
603,896.7092709541321,633.6381115030522,0.0,99.99999999998421,1207.0,,
604,908.9484601020813,633.5889997317366,0.0,99.99999999998421,1209.0,,
605,909.8752028942108,633.565309486665,0.0,99.99999999998421,1211.0,,
606,912.8518970012665,633.5352684704804,0.0,99.99999999998421,1213.0,,
607,931.1937611103058,633.4966627652418,0.0,99.99999999998421,1215.0,,
608,934.4079558849335,633.4708860125239,0.0,99.99999999998421,1217.0,,
609,942.3361699581146,633.4289738375029,0.0,99.99999999998421,1219.0,,
610,943.3020720481873,633.3956579476915,0.0,99.99999999998421,1221.0,,
611,947.0900440216064,633.3805598314846,0.0,99.99999999998421,1223.0,,
612,948.0239500999451,633.369691742202,0.0,99.99999999998421,1225.0,,
613,948.9851839542389,633.3277926501556,0.0,99.99999999998421,1227.0,,
614,950.3794350624084,633.2964152166396,0.0,99.99999999998421,1229.0,,
615,955.7577829360962,633.2571704657262,0.0,99.99999999998421,1231.0,,
616,972.0001909732819,633.2363021305433,0.0,99.99999999998421,1233.0,,
617,975.1176691055298,633.2205979602927,0.0,99.99999999998421,1235.0,,
618,976.3957591056824,633.1987642243507,0.0,99.99999999998421,1237.0,,
619,980.972902059555,633.1854808813889,0.0,99.99999999998421,1239.0,,
620,981.9103820323944,633.1663467899579,0.0,99.99999999998421,1241.0,,
621,982.9194118976593,633.1396295383101,0.0,99.99999999998421,1243.0,,
622,983.8900299072266,633.1049518327402,0.0,99.99999999998421,1245.0,,
623,984.885036945343,633.0745387191271,0.0,99.99999999998421,1247.0,,
624,985.9009010791779,633.0533913717261,0.0,99.99999999998421,1249.0,,
625,986.8162128925323,633.0241391729169,0.0,99.99999999998421,1251.0,,
626,989.8849549293518,632.9990365674105,0.0,99.99999999998421,1253.0,,
627,990.8840179443359,632.9807652273395,0.0,99.99999999998421,1255.0,,
628,1000.4743111133575,632.9574698812701,0.0,99.99999999998421,1257.0,,
629,1006.8612968921661,632.9235700688873,0.0,99.99999999998421,1259.0,,
630,1011.9754440784454,632.8964971486762,0.0,99.99999999998421,1261.0,,
631,1012.9857749938965,632.8676715676676,0.0,99.99999999998421,1263.0,,
632,1013.93017411232,632.8445939928159,0.0,99.99999999998421,1265.0,,
633,1018.7246530056,632.7881105772229,0.0,99.99999999998421,1267.0,,
634,1021.7966020107269,632.7611317654979,0.0,99.99999999998421,1269.0,,
635,1029.0646109580994,632.7433164315144,0.0,99.99999999998421,1271.0,,
636,1035.248528957367,632.7156689491445,0.0,99.99999999998421,1273.0,,
637,1036.9468960762024,632.6954207392529,0.0,99.99999999998421,1275.0,,
638,1039.2753610610962,632.6696464852743,0.0,99.99999999998421,1277.0,,
639,1040.530692100525,632.6509077406122,0.0,99.99999999998421,1279.0,,
640,1048.9139430522919,632.635422183943,0.0,99.99999999998421,1281.0,,
641,1049.8951399326324,632.583751015473,0.0,99.99999999998421,1283.0,,
642,1051.2467119693756,632.5477526627444,0.0,99.99999999998421,1285.0,,
643,1064.6676659584045,632.520052792413,0.0,99.99999999998421,1287.0,,
644,1065.7229719161987,632.4918957024963,0.0,99.99999999998421,1289.0,,
645,1077.5455799102783,632.4692679545994,0.0,99.99999999998421,1291.0,,
646,1078.6046540737152,632.454305355024,0.0,99.99999999998421,1293.0,,
647,1079.662071943283,632.4250290354526,0.0,99.99999999998421,1295.0,,
648,1080.6990449428558,632.4041016468569,0.0,99.99999999998421,1297.0,,
649,1081.7252259254456,632.3833376150168,0.0,99.99999999998421,1299.0,,
650,1090.2114479541779,632.3705699561028,0.0,99.99999999998421,1301.0,25.854159116744995,-7.616725361256549
651,1121.2553129196167,632.3630139679789,0.0,99.99999999998418,1302.0,,
652,1122.347018957138,632.3501372631429,0.0,99.99999999998418,1304.0,,
653,1123.4444200992584,632.3187062292241,0.0,99.99999999998418,1306.0,,
654,1132.5963129997253,632.290421050686,0.0,99.99999999998418,1308.0,,
655,1133.6676650047302,632.2664699194354,0.0,99.99999999998418,1310.0,,
656,1134.8185069561005,632.2393692218186,0.0,99.99999999998418,1312.0,,
657,1136.19899392128,632.2198976517946,0.0,99.99999999998418,1314.0,,
658,1137.3185629844666,632.1975743906747,0.0,99.99999999998418,1316.0,,
659,1138.3984320163727,632.1620719741261,0.0,99.99999999998418,1318.0,,
660,1140.3628289699554,632.139698548319,0.0,99.99999999998418,1320.0,,
661,1144.080029964447,632.1263136052515,0.0,99.99999999998418,1322.0,,
662,1145.5244109630585,632.1068922790895,0.0,99.99999999998418,1324.0,,
663,1146.6469049453735,632.0721034261857,0.0,99.99999999998418,1326.0,,
664,1148.0194959640503,632.0356063103187,0.0,99.99999999998418,1328.0,,
665,1149.1458070278168,632.0070401854847,0.0,99.99999999998418,1330.0,,
666,1162.2848989963531,631.982841257922,0.0,99.99999999998418,1332.0,,
667,1163.5171430110931,631.9606590197217,0.0,99.99999999998418,1334.0,,
668,1172.5722448825836,631.942679257868,0.0,99.99999999998418,1336.0,,
669,1176.6460320949554,631.9139848077223,0.0,99.99999999998418,1338.0,,
670,1177.7655730247498,631.8958364843379,0.0,99.99999999998418,1340.0,,
671,1178.8871250152588,631.880653586709,0.0,99.99999999998418,1342.0,,
672,1188.7557818889618,631.8547813532534,0.0,99.99999999998418,1344.0,,
673,1192.8252389431,631.8290370538228,0.0,99.99999999998418,1346.0,,
674,1193.9612700939178,631.8057861961807,0.0,99.99999999998418,1348.0,,
675,1198.2207760810852,631.7784515922335,0.0,99.99999999998418,1350.0,,
676,1199.3246800899506,631.7501553409705,0.0,99.99999999998418,1352.0,,
677,1200.6843049526215,631.7143737575374,0.0,99.99999999998418,1354.0,,
